基础模型,大小,模型名称,batch_size,learning_rate,seen_eval_time,seen_success_rate,seen_mean_spl,seen_oracle_success,seen_navigation_error,seen_avg_steps,seen_total_episodes,unseen_eval_time,unseen_success_rate,unseen_mean_spl,unseen_oracle_success,unseen_navigation_error,unseen_avg_steps,unseen_total_episodes,source_root
Qwen2.5-VL,3B,overlapvln-satnav-stage1-3b-1ep-f32s4-overlap0-pf-h8-b1.0-pool-s2-noembed-data260418-bs64-lr2e-5-20260421-125912,64,2e-5,20260427_042116,0.6587232351303101,0.6549975872039795,0.7549191117286682,34.049564361572266,49.97,4574,20260427_051037,0.5371174216270447,0.5327489376068115,0.6412745714187622,62.28883743286133,57.38,8756,/mnt/data1/home/jiangjiajun/workspace/SwiftVLN/results/eval/overlapvln
Qwen2.5-VL,7B,overlapvln-satnav-stage1-7b-1ep-f32s4-overlap0-pf-h8-b1.0-pool-s2-noembed-data260418-bs64-lr2e-5-20260430-023600,64,2e-5,20260501_131031,0.7020114064216614,0.6978427171707153,0.7743769288063049,29.974092483520508,48.18,4574,20260501_135426,0.566354513168335,0.5619567632675171,0.6616035103797913,55.328346252441406,54.62,8756,/mnt/data1/home/jiangjiajun/workspace/SwiftVLN/results/eval/overlapvln
Qwen2.5-VL,7B,overlapvln-satnav-stage1-7b-1ep-f32s4-overlap0-pf-h8-b1.0-pool-s2-noembed-data260418-bs80-lr2e-5-20260503-131840,80,2e-5,20260504_112617,0.7098819613456726,0.7050933837890625,0.8047661185264587,34.3369026184082,50.96,4574,20260504_121359,0.5765189528465271,0.5709092020988464,0.6931247115135193,63.76731872558594,59.17,8756,/mnt/data1/home/jiangjiajun/workspace/SwiftVLN-refactor/results/eval/overlapvln
Qwen2.5-VL,32B,overlapvln-satnav-stage1-32b-1ep-f32s4-overlap0-pf-h8-b1.0-pool-s2-noembed-data260418-bs64-lr2e-5-20260505-024603,64,2e-5,20260506_145226,0.6536948084831238,0.645608127117157,0.7483603358268738,37.760128021240234,51.3,4574,20260506_161939,0.5268387794494629,0.5186169743537903,0.6312243342399597,64.20964050292969,58.32,8756,/mnt/data1/home/jiangjiajun/workspace/SwiftVLN-refactor/results/eval/overlapvln
Qwen2.5-VL,32B,overlapvln-satnav-stage1-32b-1ep-f32s4-overlap0-pf-h8-b1.0-pool-s2-noembed-data260418-bs64-lr2e-5-20260505-224602,64,2e-5,20260506_171614,0.6077831387519836,0.6000697016716003,0.6904241442680359,36.51314163208008,48.56,4574,20260506_183956,0.49543172121047974,0.49030056595802307,0.5865692496299744,67.35398864746094,52.98,8756,/mnt/data1/home/jiangjiajun/workspace/SwiftVLN-refactor/results/eval/overlapvln
Qwen3-VL,2B,overlapvln-satnav-stage1-qwen3vl-2b-1ep-f32s4-overlap0-pf-h8-b1.0-pool-s2-noembed-data260418-bs64-lr2e-5-20260501-170013,64,2e-5,20260502_031324,0.7157849073410034,0.7076239585876465,0.8119807839393616,44.79175567626953,53.68,4574,20260502_040026,0.5896528363227844,0.5834337472915649,0.7150525450706482,68.16100311279297,62.48,8756,/mnt/data1/home/jiangjiajun/workspace/SwiftVLN-refactor/results/eval/overlapvln
Qwen3-VL,2B,overlapvln-satnav-stage1-qwen3vl-2b-1ep-f32s4-overlap0-pf-h8-b1.0-pool-s2-noembed-data260418-bs64-lr2e-5-20260502-090210,64,2e-5,20260503_052130,0.6749016642570496,0.6673237681388855,0.7949278950691223,52.63694381713867,58.13,4574,20260503_060953,0.5701233744621277,0.5634102821350098,0.7024897336959839,71.94445037841797,65.84,8756,/mnt/data1/home/jiangjiajun/workspace/SwiftVLN-refactor/results/eval/overlapvln
Qwen3-VL,2B,overlapvln-satnav-stage1-qwen3vl-2b-1ep-f32s4-overlap0-pf-h8-b1.0-pool-s2-noembed-data260418-bs64-lr2e-5-20260502-110117,64,2e-5,20260503_074403,0.6818976998329163,0.677278995513916,0.7754700779914856,47.31980514526367,53.65,4574,20260503_083048,0.5758337378501892,0.5705016851425171,0.6923252940177917,68.50682067871094,63.31,8756,/mnt/data1/home/jiangjiajun/workspace/SwiftVLN-refactor/results/eval/overlapvln
Qwen3-VL,8B,overlapvln-satnav-stage1-qwen3vl-8b-1ep-f32s4-overlap0-pf-h8-b1.0-pool-s2-noembed-data260418-bs8-lr2e-5-20260501-190211,8,2e-5,20260502_052853,0.6318321228027344,0.6256023049354553,0.7719720602035522,54.08976745605469,53.79,4574,20260502_062411,0.5516217350959778,0.5462004542350769,0.680219292640686,76.9837875366211,61.95,8756,/mnt/data1/home/jiangjiajun/workspace/SwiftVLN-refactor/results/eval/overlapvln
Qwen3-VL,8B,overlapvln-satnav-stage1-qwen3vl-8b-1ep-f32s4-overlap0-pf-h8-b1.0-pool-s2-noembed-data260418-bs8-lr2e-5-20260502-130021,8,2e-5,20260503_100201,0.6565369963645935,0.6484890580177307,0.7741582989692688,55.42210006713867,54.12,4574,20260503_105809,0.5566468834877014,0.5481018424034119,0.6735952496528625,76.32557678222656,62.07,8756,/mnt/data1/home/jiangjiajun/workspace/SwiftVLN-refactor/results/eval/overlapvln
Qwen3-VL,8B,overlapvln-satnav-stage1-qwen3vl-8b-1ep-f32s4-overlap0-pf-h8-b1.0-pool-s2-noembed-data260418-bs8-lr2e-5-20260502-210950,8,2e-5,20260503_124818,0.6829908490180969,0.6759195923805237,0.7665063738822937,45.1215705871582,52.16,4574,20260503_134122,0.5598446726799011,0.5527275204658508,0.649040699005127,69.79069519042969,58.55,8756,/mnt/data1/home/jiangjiajun/workspace/SwiftVLN-refactor/results/eval/overlapvln
