基础模型,大小,模型名称,split,eval_time,trajectory_type,success_rate,mean_spl,oracle_success,navigation_error,avg_steps,total_episodes,source_root,summary_path
Qwen2.5-VL,3B,overlapvln-satnav-stage1-3b-1ep-f32s4-overlap0-pf-h8-b1.0-pool-s2-noembed-data260418-bs64-lr2e-5-20260421-125912,val_seen,20260423_071309,Boundary,0.6646746347941567,0.6549596133141793,0.8014608233731739,14.969297909632902,56.55,1506,/mnt/data1/home/jiangjiajun/workspace/SwiftVLN/results/eval/overlapvln,/mnt/data1/home/jiangjiajun/workspace/SwiftVLN/results/eval/overlapvln/overlapvln-satnav-stage1-3b-1ep-f32s4-overlap0-pf-h8-b1.0-pool-s2-noembed-data260418-bs64-lr2e-5-20260421-125912/val_seen/20260423_071309/evaluation_summary.json
Qwen2.5-VL,3B,overlapvln-satnav-stage1-3b-1ep-f32s4-overlap0-pf-h8-b1.0-pool-s2-noembed-data260418-bs64-lr2e-5-20260421-125912,val_seen,20260423_071309,LandmarkSet,0.660702451954937,0.6559664882452344,0.7210072895957588,60.573290150247146,42.58,1509,/mnt/data1/home/jiangjiajun/workspace/SwiftVLN/results/eval/overlapvln,/mnt/data1/home/jiangjiajun/workspace/SwiftVLN/results/eval/overlapvln/overlapvln-satnav-stage1-3b-1ep-f32s4-overlap0-pf-h8-b1.0-pool-s2-noembed-data260418-bs64-lr2e-5-20260421-125912/val_seen/20260423_071309/evaluation_summary.json
Qwen2.5-VL,3B,overlapvln-satnav-stage1-3b-1ep-f32s4-overlap0-pf-h8-b1.0-pool-s2-noembed-data260418-bs64-lr2e-5-20260421-125912,val_seen,20260423_071309,Road,0.5375240538806928,0.537134018370545,0.603592046183451,55.123180867445626,43.45,1559,/mnt/data1/home/jiangjiajun/workspace/SwiftVLN/results/eval/overlapvln,/mnt/data1/home/jiangjiajun/workspace/SwiftVLN/results/eval/overlapvln/overlapvln-satnav-stage1-3b-1ep-f32s4-overlap0-pf-h8-b1.0-pool-s2-noembed-data260418-bs64-lr2e-5-20260421-125912/val_seen/20260423_071309/evaluation_summary.json
Qwen2.5-VL,3B,overlapvln-satnav-stage1-3b-1ep-f32s4-overlap0-pf-h8-b1.0-pool-s2-noembed-data260418-bs64-lr2e-5-20260421-125912,val_seen,20260427_042116,Boundary,0.6281540504648074,0.623124616711695,0.7536520584329349,15.711507397343608,58.97,1506,/mnt/data1/home/jiangjiajun/workspace/SwiftVLN/results/eval/overlapvln,/mnt/data1/home/jiangjiajun/workspace/SwiftVLN/results/eval/overlapvln/overlapvln-satnav-stage1-3b-1ep-f32s4-overlap0-pf-h8-b1.0-pool-s2-noembed-data260418-bs64-lr2e-5-20260421-125912/val_seen/20260427_042116/evaluation_summary.json
Qwen2.5-VL,3B,overlapvln-satnav-stage1-3b-1ep-f32s4-overlap0-pf-h8-b1.0-pool-s2-noembed-data260418-bs64-lr2e-5-20260421-125912,val_seen,20260427_042116,LandmarkSet,0.7157057654075547,0.7099893141526333,0.7713717693836978,50.03580542762912,43.72,1509,/mnt/data1/home/jiangjiajun/workspace/SwiftVLN/results/eval/overlapvln,/mnt/data1/home/jiangjiajun/workspace/SwiftVLN/results/eval/overlapvln/overlapvln-satnav-stage1-3b-1ep-f32s4-overlap0-pf-h8-b1.0-pool-s2-noembed-data260418-bs64-lr2e-5-20260421-125912/val_seen/20260427_042116/evaluation_summary.json
Qwen2.5-VL,3B,overlapvln-satnav-stage1-3b-1ep-f32s4-overlap0-pf-h8-b1.0-pool-s2-noembed-data260418-bs64-lr2e-5-20260421-125912,val_seen,20260427_042116,Road,0.6330981398332264,0.6325588182018584,0.740218088518281,36.35219106602908,47.34,1559,/mnt/data1/home/jiangjiajun/workspace/SwiftVLN/results/eval/overlapvln,/mnt/data1/home/jiangjiajun/workspace/SwiftVLN/results/eval/overlapvln/overlapvln-satnav-stage1-3b-1ep-f32s4-overlap0-pf-h8-b1.0-pool-s2-noembed-data260418-bs64-lr2e-5-20260421-125912/val_seen/20260427_042116/evaluation_summary.json
Qwen2.5-VL,3B,overlapvln-satnav-stage1-3b-1ep-f32s4-overlap0-pf-h8-b1.0-pool-s2-noembed-data260418-bs64-lr2e-5-20260421-125912,val_unseen,20260423_080647,Boundary,0.6136919315403423,0.600320670472037,0.7509605309116312,17.7215177357626,61.8,2863,/mnt/data1/home/jiangjiajun/workspace/SwiftVLN/results/eval/overlapvln,/mnt/data1/home/jiangjiajun/workspace/SwiftVLN/results/eval/overlapvln/overlapvln-satnav-stage1-3b-1ep-f32s4-overlap0-pf-h8-b1.0-pool-s2-noembed-data260418-bs64-lr2e-5-20260421-125912/val_unseen/20260423_080647/evaluation_summary.json
Qwen2.5-VL,3B,overlapvln-satnav-stage1-3b-1ep-f32s4-overlap0-pf-h8-b1.0-pool-s2-noembed-data260418-bs64-lr2e-5-20260421-125912,val_unseen,20260423_080647,LandmarkSet,0.4676183844011142,0.4646725352411209,0.5184540389972145,102.73461415075953,49.41,2872,/mnt/data1/home/jiangjiajun/workspace/SwiftVLN/results/eval/overlapvln,/mnt/data1/home/jiangjiajun/workspace/SwiftVLN/results/eval/overlapvln/overlapvln-satnav-stage1-3b-1ep-f32s4-overlap0-pf-h8-b1.0-pool-s2-noembed-data260418-bs64-lr2e-5-20260421-125912/val_unseen/20260423_080647/evaluation_summary.json
Qwen2.5-VL,3B,overlapvln-satnav-stage1-3b-1ep-f32s4-overlap0-pf-h8-b1.0-pool-s2-noembed-data260418-bs64-lr2e-5-20260421-125912,val_unseen,20260423_080647,Road,0.40152267461105595,0.400892933726111,0.48725587553790134,112.53271860202409,53.23,3021,/mnt/data1/home/jiangjiajun/workspace/SwiftVLN/results/eval/overlapvln,/mnt/data1/home/jiangjiajun/workspace/SwiftVLN/results/eval/overlapvln/overlapvln-satnav-stage1-3b-1ep-f32s4-overlap0-pf-h8-b1.0-pool-s2-noembed-data260418-bs64-lr2e-5-20260421-125912/val_unseen/20260423_080647/evaluation_summary.json
Qwen2.5-VL,3B,overlapvln-satnav-stage1-3b-1ep-f32s4-overlap0-pf-h8-b1.0-pool-s2-noembed-data260418-bs64-lr2e-5-20260421-125912,val_unseen,20260427_051037,Boundary,0.5801606706252183,0.5715793979751708,0.7303527768075445,17.55624499108502,63.09,2863,/mnt/data1/home/jiangjiajun/workspace/SwiftVLN/results/eval/overlapvln,/mnt/data1/home/jiangjiajun/workspace/SwiftVLN/results/eval/overlapvln/overlapvln-satnav-stage1-3b-1ep-f32s4-overlap0-pf-h8-b1.0-pool-s2-noembed-data260418-bs64-lr2e-5-20260421-125912/val_unseen/20260427_051037/evaluation_summary.json
Qwen2.5-VL,3B,overlapvln-satnav-stage1-3b-1ep-f32s4-overlap0-pf-h8-b1.0-pool-s2-noembed-data260418-bs64-lr2e-5-20260421-125912,val_unseen,20260427_051037,LandmarkSet,0.5853064066852368,0.5815318060755639,0.6309192200557103,78.00713090033851,50.84,2872,/mnt/data1/home/jiangjiajun/workspace/SwiftVLN/results/eval/overlapvln,/mnt/data1/home/jiangjiajun/workspace/SwiftVLN/results/eval/overlapvln/overlapvln-satnav-stage1-3b-1ep-f32s4-overlap0-pf-h8-b1.0-pool-s2-noembed-data260418-bs64-lr2e-5-20260421-125912/val_unseen/20260427_051037/evaluation_summary.json
Qwen2.5-VL,3B,overlapvln-satnav-stage1-3b-1ep-f32s4-overlap0-pf-h8-b1.0-pool-s2-noembed-data260418-bs64-lr2e-5-20260421-125912,val_unseen,20260427_051037,Road,0.4505130751406819,0.4495724559219984,0.5666997682886461,90.02716037034885,58.18,3021,/mnt/data1/home/jiangjiajun/workspace/SwiftVLN/results/eval/overlapvln,/mnt/data1/home/jiangjiajun/workspace/SwiftVLN/results/eval/overlapvln/overlapvln-satnav-stage1-3b-1ep-f32s4-overlap0-pf-h8-b1.0-pool-s2-noembed-data260418-bs64-lr2e-5-20260421-125912/val_unseen/20260427_051037/evaluation_summary.json
Qwen2.5-VL,7B,overlapvln-satnav-stage1-7b-1ep-f32s4-overlap0-pf-h8-b1.0-pool-s2-noembed-data260418-bs64-lr2e-5-20260430-023600,val_seen,20260501_131031,Boundary,0.7237715803452855,0.7171083094843753,0.8247011952191236,13.878847361459814,57.37,1506,/mnt/data1/home/jiangjiajun/workspace/SwiftVLN/results/eval/overlapvln,/mnt/data1/home/jiangjiajun/workspace/SwiftVLN/results/eval/overlapvln/overlapvln-satnav-stage1-7b-1ep-f32s4-overlap0-pf-h8-b1.0-pool-s2-noembed-data260418-bs64-lr2e-5-20260430-023600/val_seen/20260501_131031/evaluation_summary.json
Qwen2.5-VL,7B,overlapvln-satnav-stage1-7b-1ep-f32s4-overlap0-pf-h8-b1.0-pool-s2-noembed-data260418-bs64-lr2e-5-20260430-023600,val_seen,20260501_131031,LandmarkSet,0.7229953611663353,0.7177694397483105,0.7733598409542743,41.997282827497834,41.18,1509,/mnt/data1/home/jiangjiajun/workspace/SwiftVLN/results/eval/overlapvln,/mnt/data1/home/jiangjiajun/workspace/SwiftVLN/results/eval/overlapvln/overlapvln-satnav-stage1-7b-1ep-f32s4-overlap0-pf-h8-b1.0-pool-s2-noembed-data260418-bs64-lr2e-5-20260430-023600/val_seen/20260501_131031/evaluation_summary.json
Qwen2.5-VL,7B,overlapvln-satnav-stage1-7b-1ep-f32s4-overlap0-pf-h8-b1.0-pool-s2-noembed-data260418-bs64-lr2e-5-20260430-023600,val_seen,20260501_131031,Road,0.6606799230275818,0.6599446446917488,0.72674791533034,33.92313876343843,46.06,1559,/mnt/data1/home/jiangjiajun/workspace/SwiftVLN/results/eval/overlapvln,/mnt/data1/home/jiangjiajun/workspace/SwiftVLN/results/eval/overlapvln/overlapvln-satnav-stage1-7b-1ep-f32s4-overlap0-pf-h8-b1.0-pool-s2-noembed-data260418-bs64-lr2e-5-20260430-023600/val_seen/20260501_131031/evaluation_summary.json
Qwen2.5-VL,7B,overlapvln-satnav-stage1-7b-1ep-f32s4-overlap0-pf-h8-b1.0-pool-s2-noembed-data260418-bs64-lr2e-5-20260430-023600,val_unseen,20260501_135426,Boundary,0.6639888229130283,0.6546532559988065,0.7977645826056584,17.416216194400967,61.39,2863,/mnt/data1/home/jiangjiajun/workspace/SwiftVLN/results/eval/overlapvln,/mnt/data1/home/jiangjiajun/workspace/SwiftVLN/results/eval/overlapvln/overlapvln-satnav-stage1-7b-1ep-f32s4-overlap0-pf-h8-b1.0-pool-s2-noembed-data260418-bs64-lr2e-5-20260430-023600/val_unseen/20260501_135426/evaluation_summary.json
Qwen2.5-VL,7B,overlapvln-satnav-stage1-7b-1ep-f32s4-overlap0-pf-h8-b1.0-pool-s2-noembed-data260418-bs64-lr2e-5-20260430-023600,val_unseen,20260501_135426,LandmarkSet,0.596100278551532,0.5925860275402304,0.6431058495821727,63.582839448079405,47.27,2872,/mnt/data1/home/jiangjiajun/workspace/SwiftVLN/results/eval/overlapvln,/mnt/data1/home/jiangjiajun/workspace/SwiftVLN/results/eval/overlapvln/overlapvln-satnav-stage1-7b-1ep-f32s4-overlap0-pf-h8-b1.0-pool-s2-noembed-data260418-bs64-lr2e-5-20260430-023600/val_unseen/20260501_135426/evaluation_summary.json
Qwen2.5-VL,7B,overlapvln-satnav-stage1-7b-1ep-f32s4-overlap0-pf-h8-b1.0-pool-s2-noembed-data260418-bs64-lr2e-5-20260430-023600,val_unseen,20260501_135426,Road,0.44554783184376034,0.44498972358207206,0.5501489572989077,83.52433357026433,55.2,3021,/mnt/data1/home/jiangjiajun/workspace/SwiftVLN/results/eval/overlapvln,/mnt/data1/home/jiangjiajun/workspace/SwiftVLN/results/eval/overlapvln/overlapvln-satnav-stage1-7b-1ep-f32s4-overlap0-pf-h8-b1.0-pool-s2-noembed-data260418-bs64-lr2e-5-20260430-023600/val_unseen/20260501_135426/evaluation_summary.json
Qwen2.5-VL,7B,overlapvln-satnav-stage1-7b-1ep-f32s4-overlap0-pf-h8-b1.0-pool-s2-noembed-data260418-bs80-lr2e-5-20260503-131840,val_seen,20260504_112617,Boundary,0.7583001328021248,0.7509767983517711,0.8731739707835325,11.90097577662124,59.55,1506,/mnt/data1/home/jiangjiajun/workspace/SwiftVLN-refactor/results/eval/overlapvln,/mnt/data1/home/jiangjiajun/workspace/SwiftVLN-refactor/results/eval/overlapvln/overlapvln-satnav-stage1-7b-1ep-f32s4-overlap0-pf-h8-b1.0-pool-s2-noembed-data260418-bs80-lr2e-5-20260503-131840/val_seen/20260504_112617/evaluation_summary.json
Qwen2.5-VL,7B,overlapvln-satnav-stage1-7b-1ep-f32s4-overlap0-pf-h8-b1.0-pool-s2-noembed-data260418-bs80-lr2e-5-20260503-131840,val_seen,20260504_112617,LandmarkSet,0.7044400265076209,0.697518144014135,0.7673956262425448,59.203055023926176,46.13,1509,/mnt/data1/home/jiangjiajun/workspace/SwiftVLN-refactor/results/eval/overlapvln,/mnt/data1/home/jiangjiajun/workspace/SwiftVLN-refactor/results/eval/overlapvln/overlapvln-satnav-stage1-7b-1ep-f32s4-overlap0-pf-h8-b1.0-pool-s2-noembed-data260418-bs80-lr2e-5-20260503-131840/val_seen/20260504_112617/evaluation_summary.json
Qwen2.5-VL,7B,overlapvln-satnav-stage1-7b-1ep-f32s4-overlap0-pf-h8-b1.0-pool-s2-noembed-data260418-bs80-lr2e-5-20260503-131840,val_seen,20260504_112617,Road,0.6683771648492624,0.668102182692551,0.7748556767158435,32.32425310873024,47.34,1559,/mnt/data1/home/jiangjiajun/workspace/SwiftVLN-refactor/results/eval/overlapvln,/mnt/data1/home/jiangjiajun/workspace/SwiftVLN-refactor/results/eval/overlapvln/overlapvln-satnav-stage1-7b-1ep-f32s4-overlap0-pf-h8-b1.0-pool-s2-noembed-data260418-bs80-lr2e-5-20260503-131840/val_seen/20260504_112617/evaluation_summary.json
Qwen2.5-VL,7B,overlapvln-satnav-stage1-7b-1ep-f32s4-overlap0-pf-h8-b1.0-pool-s2-noembed-data260418-bs80-lr2e-5-20260503-131840,val_unseen,20260504_121359,Boundary,0.6776108976597974,0.6661856080248888,0.8173244848061474,16.204837340676683,63.66,2863,/mnt/data1/home/jiangjiajun/workspace/SwiftVLN-refactor/results/eval/overlapvln,/mnt/data1/home/jiangjiajun/workspace/SwiftVLN-refactor/results/eval/overlapvln/overlapvln-satnav-stage1-7b-1ep-f32s4-overlap0-pf-h8-b1.0-pool-s2-noembed-data260418-bs80-lr2e-5-20260503-131840/val_unseen/20260504_121359/evaluation_summary.json
Qwen2.5-VL,7B,overlapvln-satnav-stage1-7b-1ep-f32s4-overlap0-pf-h8-b1.0-pool-s2-noembed-data260418-bs80-lr2e-5-20260503-131840,val_unseen,20260504_121359,LandmarkSet,0.5898328690807799,0.5846675755370581,0.6545961002785515,87.23010538561671,55.6,2872,/mnt/data1/home/jiangjiajun/workspace/SwiftVLN-refactor/results/eval/overlapvln,/mnt/data1/home/jiangjiajun/workspace/SwiftVLN-refactor/results/eval/overlapvln/overlapvln-satnav-stage1-7b-1ep-f32s4-overlap0-pf-h8-b1.0-pool-s2-noembed-data260418-bs80-lr2e-5-20260503-131840/val_unseen/20260504_121359/evaluation_summary.json
Qwen2.5-VL,7B,overlapvln-satnav-stage1-7b-1ep-f32s4-overlap0-pf-h8-b1.0-pool-s2-noembed-data260418-bs80-lr2e-5-20260503-131840,val_unseen,20260504_121359,Road,0.4680569347898047,0.4675358993913529,0.6120489904005296,87.048515330567,58.33,3021,/mnt/data1/home/jiangjiajun/workspace/SwiftVLN-refactor/results/eval/overlapvln,/mnt/data1/home/jiangjiajun/workspace/SwiftVLN-refactor/results/eval/overlapvln/overlapvln-satnav-stage1-7b-1ep-f32s4-overlap0-pf-h8-b1.0-pool-s2-noembed-data260418-bs80-lr2e-5-20260503-131840/val_unseen/20260504_121359/evaluation_summary.json
Qwen2.5-VL,32B,overlapvln-satnav-stage1-32b-1ep-f32s4-overlap0-pf-h8-b1.0-pool-s2-noembed-data260418-bs64-lr2e-5-20260505-024603,val_seen,20260506_145226,Boundary,0.6779548472775564,0.6618238258711692,0.8041168658698539,14.002500296618761,61.37,1506,/mnt/data1/home/jiangjiajun/workspace/SwiftVLN-refactor/results/eval/overlapvln,/mnt/data1/home/jiangjiajun/workspace/SwiftVLN-refactor/results/eval/overlapvln/overlapvln-satnav-stage1-32b-1ep-f32s4-overlap0-pf-h8-b1.0-pool-s2-noembed-data260418-bs64-lr2e-5-20260505-024603/val_seen/20260506_145226/evaluation_summary.json
Qwen2.5-VL,32B,overlapvln-satnav-stage1-32b-1ep-f32s4-overlap0-pf-h8-b1.0-pool-s2-noembed-data260418-bs64-lr2e-5-20260505-024603,val_seen,20260506_145226,LandmarkSet,0.6991385023194169,0.6924745205734361,0.7667329357190192,61.357280868187175,46.73,1509,/mnt/data1/home/jiangjiajun/workspace/SwiftVLN-refactor/results/eval/overlapvln,/mnt/data1/home/jiangjiajun/workspace/SwiftVLN-refactor/results/eval/overlapvln/overlapvln-satnav-stage1-32b-1ep-f32s4-overlap0-pf-h8-b1.0-pool-s2-noembed-data260418-bs64-lr2e-5-20260505-024603/val_seen/20260506_145226/evaluation_summary.json
Qwen2.5-VL,32B,overlapvln-satnav-stage1-32b-1ep-f32s4-overlap0-pf-h8-b1.0-pool-s2-noembed-data260418-bs64-lr2e-5-20260505-024603,val_seen,20260506_145226,Road,0.5862732520846696,0.5845802784041859,0.6767158434894163,38.20273130206008,45.99,1559,/mnt/data1/home/jiangjiajun/workspace/SwiftVLN-refactor/results/eval/overlapvln,/mnt/data1/home/jiangjiajun/workspace/SwiftVLN-refactor/results/eval/overlapvln/overlapvln-satnav-stage1-32b-1ep-f32s4-overlap0-pf-h8-b1.0-pool-s2-noembed-data260418-bs64-lr2e-5-20260505-024603/val_seen/20260506_145226/evaluation_summary.json
Qwen2.5-VL,32B,overlapvln-satnav-stage1-32b-1ep-f32s4-overlap0-pf-h8-b1.0-pool-s2-noembed-data260418-bs64-lr2e-5-20260505-024603,val_unseen,20260506_161939,Boundary,0.5843520782396088,0.5650986312300225,0.7415298637792526,17.929485793162417,65.25,2863,/mnt/data1/home/jiangjiajun/workspace/SwiftVLN-refactor/results/eval/overlapvln,/mnt/data1/home/jiangjiajun/workspace/SwiftVLN-refactor/results/eval/overlapvln/overlapvln-satnav-stage1-32b-1ep-f32s4-overlap0-pf-h8-b1.0-pool-s2-noembed-data260418-bs64-lr2e-5-20260505-024603/val_unseen/20260506_161939/evaluation_summary.json
Qwen2.5-VL,32B,overlapvln-satnav-stage1-32b-1ep-f32s4-overlap0-pf-h8-b1.0-pool-s2-noembed-data260418-bs64-lr2e-5-20260505-024603,val_unseen,20260506_161939,LandmarkSet,0.5891364902506964,0.5842893064363336,0.6371866295264624,84.48132629607126,54.11,2872,/mnt/data1/home/jiangjiajun/workspace/SwiftVLN-refactor/results/eval/overlapvln,/mnt/data1/home/jiangjiajun/workspace/SwiftVLN-refactor/results/eval/overlapvln/overlapvln-satnav-stage1-32b-1ep-f32s4-overlap0-pf-h8-b1.0-pool-s2-noembed-data260418-bs64-lr2e-5-20260505-024603/val_unseen/20260506_161939/evaluation_summary.json
Qwen2.5-VL,32B,overlapvln-satnav-stage1-32b-1ep-f32s4-overlap0-pf-h8-b1.0-pool-s2-noembed-data260418-bs64-lr2e-5-20260505-024603,val_unseen,20260506_161939,Road,0.4131082423038729,0.41213306922908016,0.5210195299569679,89.2411021161728,55.76,3021,/mnt/data1/home/jiangjiajun/workspace/SwiftVLN-refactor/results/eval/overlapvln,/mnt/data1/home/jiangjiajun/workspace/SwiftVLN-refactor/results/eval/overlapvln/overlapvln-satnav-stage1-32b-1ep-f32s4-overlap0-pf-h8-b1.0-pool-s2-noembed-data260418-bs64-lr2e-5-20260505-024603/val_unseen/20260506_161939/evaluation_summary.json
Qwen2.5-VL,32B,overlapvln-satnav-stage1-32b-1ep-f32s4-overlap0-pf-h8-b1.0-pool-s2-noembed-data260418-bs64-lr2e-5-20260505-224602,val_seen,20260506_171614,Boundary,0.6420982735723771,0.6255651662899787,0.7642762284196547,15.788657366528367,60.05,1506,/mnt/data1/home/jiangjiajun/workspace/SwiftVLN-refactor/results/eval/overlapvln,/mnt/data1/home/jiangjiajun/workspace/SwiftVLN-refactor/results/eval/overlapvln/overlapvln-satnav-stage1-32b-1ep-f32s4-overlap0-pf-h8-b1.0-pool-s2-noembed-data260418-bs64-lr2e-5-20260505-224602/val_seen/20260506_171614/evaluation_summary.json
Qwen2.5-VL,32B,overlapvln-satnav-stage1-32b-1ep-f32s4-overlap0-pf-h8-b1.0-pool-s2-noembed-data260418-bs64-lr2e-5-20260505-224602,val_seen,20260506_171614,LandmarkSet,0.6739562624254473,0.667591540025346,0.7236580516898609,44.7137091453401,41.06,1509,/mnt/data1/home/jiangjiajun/workspace/SwiftVLN-refactor/results/eval/overlapvln,/mnt/data1/home/jiangjiajun/workspace/SwiftVLN-refactor/results/eval/overlapvln/overlapvln-satnav-stage1-32b-1ep-f32s4-overlap0-pf-h8-b1.0-pool-s2-noembed-data260418-bs64-lr2e-5-20260505-224602/val_seen/20260506_171614/evaluation_summary.json
Qwen2.5-VL,32B,overlapvln-satnav-stage1-32b-1ep-f32s4-overlap0-pf-h8-b1.0-pool-s2-noembed-data260418-bs64-lr2e-5-20260505-224602,val_seen,20260506_171614,Road,0.5105837075048107,0.5100847393951696,0.586914688903143,48.61129321725547,44.73,1559,/mnt/data1/home/jiangjiajun/workspace/SwiftVLN-refactor/results/eval/overlapvln,/mnt/data1/home/jiangjiajun/workspace/SwiftVLN-refactor/results/eval/overlapvln/overlapvln-satnav-stage1-32b-1ep-f32s4-overlap0-pf-h8-b1.0-pool-s2-noembed-data260418-bs64-lr2e-5-20260505-224602/val_seen/20260506_171614/evaluation_summary.json
Qwen2.5-VL,32B,overlapvln-satnav-stage1-32b-1ep-f32s4-overlap0-pf-h8-b1.0-pool-s2-noembed-data260418-bs64-lr2e-5-20260505-224602,val_unseen,20260506_183956,Boundary,0.5843520782396088,0.5730835812145177,0.7331470485504715,19.435202954284083,62.08,2863,/mnt/data1/home/jiangjiajun/workspace/SwiftVLN-refactor/results/eval/overlapvln,/mnt/data1/home/jiangjiajun/workspace/SwiftVLN-refactor/results/eval/overlapvln/overlapvln-satnav-stage1-32b-1ep-f32s4-overlap0-pf-h8-b1.0-pool-s2-noembed-data260418-bs64-lr2e-5-20260505-224602/val_unseen/20260506_183956/evaluation_summary.json
Qwen2.5-VL,32B,overlapvln-satnav-stage1-32b-1ep-f32s4-overlap0-pf-h8-b1.0-pool-s2-noembed-data260418-bs64-lr2e-5-20260505-224602,val_unseen,20260506_183956,LandmarkSet,0.5515320334261838,0.5477305546521527,0.5887883008356546,72.67932922201106,46.85,2872,/mnt/data1/home/jiangjiajun/workspace/SwiftVLN-refactor/results/eval/overlapvln,/mnt/data1/home/jiangjiajun/workspace/SwiftVLN-refactor/results/eval/overlapvln/overlapvln-satnav-stage1-32b-1ep-f32s4-overlap0-pf-h8-b1.0-pool-s2-noembed-data260418-bs64-lr2e-5-20260505-224602/val_unseen/20260506_183956/evaluation_summary.json
Qwen2.5-VL,32B,overlapvln-satnav-stage1-32b-1ep-f32s4-overlap0-pf-h8-b1.0-pool-s2-noembed-data260418-bs64-lr2e-5-20260505-224602,val_unseen,20260506_183956,Road,0.3578285335981463,0.35724961227144997,0.44554783184376034,107.86197050924788,50.19,3021,/mnt/data1/home/jiangjiajun/workspace/SwiftVLN-refactor/results/eval/overlapvln,/mnt/data1/home/jiangjiajun/workspace/SwiftVLN-refactor/results/eval/overlapvln/overlapvln-satnav-stage1-32b-1ep-f32s4-overlap0-pf-h8-b1.0-pool-s2-noembed-data260418-bs64-lr2e-5-20260505-224602/val_unseen/20260506_183956/evaluation_summary.json
Qwen3-VL,2B,overlapvln-satnav-stage1-qwen3vl-2b-1ep-f32s4-overlap0-pf-h8-b1.0-pool-s2-noembed-data260418-bs64-lr2e-5-20260501-170013,val_seen,20260502_031324,Boundary,0.7802124833997344,0.7657828924823503,0.901062416998672,12.518967056796038,61.64,1506,/mnt/data1/home/jiangjiajun/workspace/SwiftVLN-refactor/results/eval/overlapvln,/mnt/data1/home/jiangjiajun/workspace/SwiftVLN-refactor/results/eval/overlapvln/overlapvln-satnav-stage1-qwen3vl-2b-1ep-f32s4-overlap0-pf-h8-b1.0-pool-s2-noembed-data260418-bs64-lr2e-5-20260501-170013/val_seen/20260502_031324/evaluation_summary.json
Qwen3-VL,2B,overlapvln-satnav-stage1-qwen3vl-2b-1ep-f32s4-overlap0-pf-h8-b1.0-pool-s2-noembed-data260418-bs64-lr2e-5-20260501-170013,val_seen,20260502_031324,LandmarkSet,0.6885354539430086,0.6786992143401422,0.7654075546719682,81.69888122931339,51.59,1509,/mnt/data1/home/jiangjiajun/workspace/SwiftVLN-refactor/results/eval/overlapvln,/mnt/data1/home/jiangjiajun/workspace/SwiftVLN-refactor/results/eval/overlapvln/overlapvln-satnav-stage1-qwen3vl-2b-1ep-f32s4-overlap0-pf-h8-b1.0-pool-s2-noembed-data260418-bs64-lr2e-5-20260501-170013/val_seen/20260502_031324/evaluation_summary.json
Qwen3-VL,2B,overlapvln-satnav-stage1-qwen3vl-2b-1ep-f32s4-overlap0-pf-h8-b1.0-pool-s2-noembed-data260418-bs64-lr2e-5-20260501-170013,val_seen,20260502_031324,Road,0.6799230275817832,0.6794392628787632,0.7710070558050032,41.233676760307866,48.01,1559,/mnt/data1/home/jiangjiajun/workspace/SwiftVLN-refactor/results/eval/overlapvln,/mnt/data1/home/jiangjiajun/workspace/SwiftVLN-refactor/results/eval/overlapvln/overlapvln-satnav-stage1-qwen3vl-2b-1ep-f32s4-overlap0-pf-h8-b1.0-pool-s2-noembed-data260418-bs64-lr2e-5-20260501-170013/val_seen/20260502_031324/evaluation_summary.json
Qwen3-VL,2B,overlapvln-satnav-stage1-qwen3vl-2b-1ep-f32s4-overlap0-pf-h8-b1.0-pool-s2-noembed-data260418-bs64-lr2e-5-20260501-170013,val_unseen,20260502_040026,Boundary,0.6901851205029689,0.6789100961247427,0.8581907090464548,15.234304726235772,66.03,2863,/mnt/data1/home/jiangjiajun/workspace/SwiftVLN-refactor/results/eval/overlapvln,/mnt/data1/home/jiangjiajun/workspace/SwiftVLN-refactor/results/eval/overlapvln/overlapvln-satnav-stage1-qwen3vl-2b-1ep-f32s4-overlap0-pf-h8-b1.0-pool-s2-noembed-data260418-bs64-lr2e-5-20260501-170013/val_unseen/20260502_040026/evaluation_summary.json
Qwen3-VL,2B,overlapvln-satnav-stage1-qwen3vl-2b-1ep-f32s4-overlap0-pf-h8-b1.0-pool-s2-noembed-data260418-bs64-lr2e-5-20260501-170013,val_unseen,20260502_040026,LandmarkSet,0.5734679665738162,0.566694756503076,0.6441504178272981,108.24013109344203,63.51,2872,/mnt/data1/home/jiangjiajun/workspace/SwiftVLN-refactor/results/eval/overlapvln,/mnt/data1/home/jiangjiajun/workspace/SwiftVLN-refactor/results/eval/overlapvln/overlapvln-satnav-stage1-qwen3vl-2b-1ep-f32s4-overlap0-pf-h8-b1.0-pool-s2-noembed-data260418-bs64-lr2e-5-20260501-170013/val_unseen/20260502_040026/evaluation_summary.json
Qwen3-VL,2B,overlapvln-satnav-stage1-qwen3vl-2b-1ep-f32s4-overlap0-pf-h8-b1.0-pool-s2-noembed-data260418-bs64-lr2e-5-20260501-170013,val_unseen,20260502_040026,Road,0.5097649784839458,0.5088643485625224,0.6468056934789804,81.55741220529404,58.15,3021,/mnt/data1/home/jiangjiajun/workspace/SwiftVLN-refactor/results/eval/overlapvln,/mnt/data1/home/jiangjiajun/workspace/SwiftVLN-refactor/results/eval/overlapvln/overlapvln-satnav-stage1-qwen3vl-2b-1ep-f32s4-overlap0-pf-h8-b1.0-pool-s2-noembed-data260418-bs64-lr2e-5-20260501-170013/val_unseen/20260502_040026/evaluation_summary.json
Qwen3-VL,2B,overlapvln-satnav-stage1-qwen3vl-2b-1ep-f32s4-overlap0-pf-h8-b1.0-pool-s2-noembed-data260418-bs64-lr2e-5-20260502-090210,val_seen,20260503_052130,Boundary,0.7084993359893759,0.6962248966204206,0.849269588313413,15.046565271303221,64.91,1506,/mnt/data1/home/jiangjiajun/workspace/SwiftVLN-refactor/results/eval/overlapvln,/mnt/data1/home/jiangjiajun/workspace/SwiftVLN-refactor/results/eval/overlapvln/overlapvln-satnav-stage1-qwen3vl-2b-1ep-f32s4-overlap0-pf-h8-b1.0-pool-s2-noembed-data260418-bs64-lr2e-5-20260502-090210/val_seen/20260503_052130/evaluation_summary.json
Qwen3-VL,2B,overlapvln-satnav-stage1-qwen3vl-2b-1ep-f32s4-overlap0-pf-h8-b1.0-pool-s2-noembed-data260418-bs64-lr2e-5-20260502-090210,val_seen,20260503_052130,LandmarkSet,0.6461232604373758,0.6360085421998017,0.7594433399602386,107.0652565126629,62.08,1509,/mnt/data1/home/jiangjiajun/workspace/SwiftVLN-refactor/results/eval/overlapvln,/mnt/data1/home/jiangjiajun/workspace/SwiftVLN-refactor/results/eval/overlapvln/overlapvln-satnav-stage1-qwen3vl-2b-1ep-f32s4-overlap0-pf-h8-b1.0-pool-s2-noembed-data260418-bs64-lr2e-5-20260502-090210/val_seen/20260503_052130/evaluation_summary.json
Qwen3-VL,2B,overlapvln-satnav-stage1-qwen3vl-2b-1ep-f32s4-overlap0-pf-h8-b1.0-pool-s2-noembed-data260418-bs64-lr2e-5-20260502-090210,val_seen,20260503_052130,Road,0.6703014753046825,0.6697161959206824,0.7767799871712636,38.85021208254555,47.74,1559,/mnt/data1/home/jiangjiajun/workspace/SwiftVLN-refactor/results/eval/overlapvln,/mnt/data1/home/jiangjiajun/workspace/SwiftVLN-refactor/results/eval/overlapvln/overlapvln-satnav-stage1-qwen3vl-2b-1ep-f32s4-overlap0-pf-h8-b1.0-pool-s2-noembed-data260418-bs64-lr2e-5-20260502-090210/val_seen/20260503_052130/evaluation_summary.json
Qwen3-VL,2B,overlapvln-satnav-stage1-qwen3vl-2b-1ep-f32s4-overlap0-pf-h8-b1.0-pool-s2-noembed-data260418-bs64-lr2e-5-20260502-090210,val_unseen,20260503_060953,Boundary,0.6653859587844918,0.6543594529612257,0.8197694725812085,15.641575110759621,64.79,2863,/mnt/data1/home/jiangjiajun/workspace/SwiftVLN-refactor/results/eval/overlapvln,/mnt/data1/home/jiangjiajun/workspace/SwiftVLN-refactor/results/eval/overlapvln/overlapvln-satnav-stage1-qwen3vl-2b-1ep-f32s4-overlap0-pf-h8-b1.0-pool-s2-noembed-data260418-bs64-lr2e-5-20260502-090210/val_unseen/20260503_060953/evaluation_summary.json
Qwen3-VL,2B,overlapvln-satnav-stage1-qwen3vl-2b-1ep-f32s4-overlap0-pf-h8-b1.0-pool-s2-noembed-data260418-bs64-lr2e-5-20260502-090210,val_unseen,20260503_060953,LandmarkSet,0.5591922005571031,0.5512191770467961,0.6518105849582173,122.32777908528881,71.95,2872,/mnt/data1/home/jiangjiajun/workspace/SwiftVLN-refactor/results/eval/overlapvln,/mnt/data1/home/jiangjiajun/workspace/SwiftVLN-refactor/results/eval/overlapvln/overlapvln-satnav-stage1-qwen3vl-2b-1ep-f32s4-overlap0-pf-h8-b1.0-pool-s2-noembed-data260418-bs64-lr2e-5-20260502-090210/val_unseen/20260503_060953/evaluation_summary.json
Qwen3-VL,2B,overlapvln-satnav-stage1-qwen3vl-2b-1ep-f32s4-overlap0-pf-h8-b1.0-pool-s2-noembed-data260418-bs64-lr2e-5-20260502-090210,val_unseen,20260503_060953,Road,0.4902350215160543,0.4888075553067944,0.6395233366434955,79.76389600839666,61.04,3021,/mnt/data1/home/jiangjiajun/workspace/SwiftVLN-refactor/results/eval/overlapvln,/mnt/data1/home/jiangjiajun/workspace/SwiftVLN-refactor/results/eval/overlapvln/overlapvln-satnav-stage1-qwen3vl-2b-1ep-f32s4-overlap0-pf-h8-b1.0-pool-s2-noembed-data260418-bs64-lr2e-5-20260502-090210/val_unseen/20260503_060953/evaluation_summary.json
Qwen3-VL,2B,overlapvln-satnav-stage1-qwen3vl-2b-1ep-f32s4-overlap0-pf-h8-b1.0-pool-s2-noembed-data260418-bs64-lr2e-5-20260502-110117,val_seen,20260503_074403,Boundary,0.7177954847277557,0.7130842117404337,0.8300132802124834,13.756572494938872,58.9,1506,/mnt/data1/home/jiangjiajun/workspace/SwiftVLN-refactor/results/eval/overlapvln,/mnt/data1/home/jiangjiajun/workspace/SwiftVLN-refactor/results/eval/overlapvln/overlapvln-satnav-stage1-qwen3vl-2b-1ep-f32s4-overlap0-pf-h8-b1.0-pool-s2-noembed-data260418-bs64-lr2e-5-20260502-110117/val_seen/20260503_074403/evaluation_summary.json
Qwen3-VL,2B,overlapvln-satnav-stage1-qwen3vl-2b-1ep-f32s4-overlap0-pf-h8-b1.0-pool-s2-noembed-data260418-bs64-lr2e-5-20260502-110117,val_seen,20260503_074403,LandmarkSet,0.6686547382372432,0.6599754155396764,0.7528164347249834,91.75642033632438,55.81,1509,/mnt/data1/home/jiangjiajun/workspace/SwiftVLN-refactor/results/eval/overlapvln,/mnt/data1/home/jiangjiajun/workspace/SwiftVLN-refactor/results/eval/overlapvln/overlapvln-satnav-stage1-qwen3vl-2b-1ep-f32s4-overlap0-pf-h8-b1.0-pool-s2-noembed-data260418-bs64-lr2e-5-20260502-110117/val_seen/20260503_074403/evaluation_summary.json
Qwen3-VL,2B,overlapvln-satnav-stage1-qwen3vl-2b-1ep-f32s4-overlap0-pf-h8-b1.0-pool-s2-noembed-data260418-bs64-lr2e-5-20260502-110117,val_seen,20260503_074403,Road,0.6600384862091084,0.6594395276799997,0.7447081462475946,38.59499703048163,46.5,1559,/mnt/data1/home/jiangjiajun/workspace/SwiftVLN-refactor/results/eval/overlapvln,/mnt/data1/home/jiangjiajun/workspace/SwiftVLN-refactor/results/eval/overlapvln/overlapvln-satnav-stage1-qwen3vl-2b-1ep-f32s4-overlap0-pf-h8-b1.0-pool-s2-noembed-data260418-bs64-lr2e-5-20260502-110117/val_seen/20260503_074403/evaluation_summary.json
Qwen3-VL,2B,overlapvln-satnav-stage1-qwen3vl-2b-1ep-f32s4-overlap0-pf-h8-b1.0-pool-s2-noembed-data260418-bs64-lr2e-5-20260502-110117,val_unseen,20260503_083048,Boundary,0.6531610199091862,0.64462558649596,0.7974152986377925,17.43058604494594,64.8,2863,/mnt/data1/home/jiangjiajun/workspace/SwiftVLN-refactor/results/eval/overlapvln,/mnt/data1/home/jiangjiajun/workspace/SwiftVLN-refactor/results/eval/overlapvln/overlapvln-satnav-stage1-qwen3vl-2b-1ep-f32s4-overlap0-pf-h8-b1.0-pool-s2-noembed-data260418-bs64-lr2e-5-20260502-110117/val_unseen/20260503_083048/evaluation_summary.json
Qwen3-VL,2B,overlapvln-satnav-stage1-qwen3vl-2b-1ep-f32s4-overlap0-pf-h8-b1.0-pool-s2-noembed-data260418-bs64-lr2e-5-20260502-110117,val_unseen,20260503_083048,LandmarkSet,0.5738161559888579,0.5667180296126534,0.6441504178272981,113.77814024830455,66.18,2872,/mnt/data1/home/jiangjiajun/workspace/SwiftVLN-refactor/results/eval/overlapvln,/mnt/data1/home/jiangjiajun/workspace/SwiftVLN-refactor/results/eval/overlapvln/overlapvln-satnav-stage1-qwen3vl-2b-1ep-f32s4-overlap0-pf-h8-b1.0-pool-s2-noembed-data260418-bs64-lr2e-5-20260502-110117/val_unseen/20260503_083048/evaluation_summary.json
Qwen3-VL,2B,overlapvln-satnav-stage1-qwen3vl-2b-1ep-f32s4-overlap0-pf-h8-b1.0-pool-s2-noembed-data260418-bs64-lr2e-5-20260502-110117,val_unseen,20260503_083048,Road,0.5044687189672294,0.5038514996361126,0.6385302879841113,76.13894882343651,59.16,3021,/mnt/data1/home/jiangjiajun/workspace/SwiftVLN-refactor/results/eval/overlapvln,/mnt/data1/home/jiangjiajun/workspace/SwiftVLN-refactor/results/eval/overlapvln/overlapvln-satnav-stage1-qwen3vl-2b-1ep-f32s4-overlap0-pf-h8-b1.0-pool-s2-noembed-data260418-bs64-lr2e-5-20260502-110117/val_unseen/20260503_083048/evaluation_summary.json
Qwen3-VL,8B,overlapvln-satnav-stage1-qwen3vl-8b-1ep-f32s4-overlap0-pf-h8-b1.0-pool-s2-noembed-data260418-bs8-lr2e-5-20260501-190211,val_seen,20260502_052853,Boundary,0.6713147410358565,0.6642513811417203,0.8054448871181938,16.599616460246757,56.1,1506,/mnt/data1/home/jiangjiajun/workspace/SwiftVLN-refactor/results/eval/overlapvln,/mnt/data1/home/jiangjiajun/workspace/SwiftVLN-refactor/results/eval/overlapvln/overlapvln-satnav-stage1-qwen3vl-8b-1ep-f32s4-overlap0-pf-h8-b1.0-pool-s2-noembed-data260418-bs8-lr2e-5-20260501-190211/val_seen/20260502_052853/evaluation_summary.json
Qwen3-VL,8B,overlapvln-satnav-stage1-qwen3vl-8b-1ep-f32s4-overlap0-pf-h8-b1.0-pool-s2-noembed-data260418-bs8-lr2e-5-20260501-190211,val_seen,20260502_052853,LandmarkSet,0.6242544731610338,0.6132317300478981,0.7700463883366467,105.14120393978334,56.91,1509,/mnt/data1/home/jiangjiajun/workspace/SwiftVLN-refactor/results/eval/overlapvln,/mnt/data1/home/jiangjiajun/workspace/SwiftVLN-refactor/results/eval/overlapvln/overlapvln-satnav-stage1-qwen3vl-8b-1ep-f32s4-overlap0-pf-h8-b1.0-pool-s2-noembed-data260418-bs8-lr2e-5-20260501-190211/val_seen/20260502_052853/evaluation_summary.json
Qwen3-VL,8B,overlapvln-satnav-stage1-qwen3vl-8b-1ep-f32s4-overlap0-pf-h8-b1.0-pool-s2-noembed-data260418-bs8-lr2e-5-20260501-190211,val_seen,20260502_052853,Road,0.6010262989095574,0.600240918433556,0.7415009621552278,43.019775002799015,48.53,1559,/mnt/data1/home/jiangjiajun/workspace/SwiftVLN-refactor/results/eval/overlapvln,/mnt/data1/home/jiangjiajun/workspace/SwiftVLN-refactor/results/eval/overlapvln/overlapvln-satnav-stage1-qwen3vl-8b-1ep-f32s4-overlap0-pf-h8-b1.0-pool-s2-noembed-data260418-bs8-lr2e-5-20260501-190211/val_seen/20260502_052853/evaluation_summary.json
Qwen3-VL,8B,overlapvln-satnav-stage1-qwen3vl-8b-1ep-f32s4-overlap0-pf-h8-b1.0-pool-s2-noembed-data260418-bs8-lr2e-5-20260501-190211,val_unseen,20260502_062411,Boundary,0.63674467341949,0.6284679946679562,0.7827453719874258,18.568725906640072,61.28,2863,/mnt/data1/home/jiangjiajun/workspace/SwiftVLN-refactor/results/eval/overlapvln,/mnt/data1/home/jiangjiajun/workspace/SwiftVLN-refactor/results/eval/overlapvln/overlapvln-satnav-stage1-qwen3vl-8b-1ep-f32s4-overlap0-pf-h8-b1.0-pool-s2-noembed-data260418-bs8-lr2e-5-20260501-190211/val_unseen/20260502_062411/evaluation_summary.json
Qwen3-VL,8B,overlapvln-satnav-stage1-qwen3vl-8b-1ep-f32s4-overlap0-pf-h8-b1.0-pool-s2-noembed-data260418-bs8-lr2e-5-20260501-190211,val_unseen,20260502_062411,LandmarkSet,0.5386490250696379,0.5311810577710707,0.6591225626740947,131.8389246710437,67.47,2872,/mnt/data1/home/jiangjiajun/workspace/SwiftVLN-refactor/results/eval/overlapvln,/mnt/data1/home/jiangjiajun/workspace/SwiftVLN-refactor/results/eval/overlapvln/overlapvln-satnav-stage1-qwen3vl-8b-1ep-f32s4-overlap0-pf-h8-b1.0-pool-s2-noembed-data260418-bs8-lr2e-5-20260501-190211/val_unseen/20260502_062411/evaluation_summary.json
Qwen3-VL,8B,overlapvln-satnav-stage1-qwen3vl-8b-1ep-f32s4-overlap0-pf-h8-b1.0-pool-s2-noembed-data260418-bs8-lr2e-5-20260501-190211,val_unseen,20260502_062411,Road,0.4832836809003641,0.48251407525565077,0.6031115524660708,82.68007251754551,57.34,3021,/mnt/data1/home/jiangjiajun/workspace/SwiftVLN-refactor/results/eval/overlapvln,/mnt/data1/home/jiangjiajun/workspace/SwiftVLN-refactor/results/eval/overlapvln/overlapvln-satnav-stage1-qwen3vl-8b-1ep-f32s4-overlap0-pf-h8-b1.0-pool-s2-noembed-data260418-bs8-lr2e-5-20260501-190211/val_unseen/20260502_062411/evaluation_summary.json
Qwen3-VL,8B,overlapvln-satnav-stage1-qwen3vl-8b-1ep-f32s4-overlap0-pf-h8-b1.0-pool-s2-noembed-data260418-bs8-lr2e-5-20260502-130021,val_seen,20260503_100201,Boundary,0.6726427622841965,0.6589451176961568,0.8007968127490039,17.816668880808006,58.95,1506,/mnt/data1/home/jiangjiajun/workspace/SwiftVLN-refactor/results/eval/overlapvln,/mnt/data1/home/jiangjiajun/workspace/SwiftVLN-refactor/results/eval/overlapvln/overlapvln-satnav-stage1-qwen3vl-8b-1ep-f32s4-overlap0-pf-h8-b1.0-pool-s2-noembed-data260418-bs8-lr2e-5-20260502-130021/val_seen/20260503_100201/evaluation_summary.json
Qwen3-VL,8B,overlapvln-satnav-stage1-qwen3vl-8b-1ep-f32s4-overlap0-pf-h8-b1.0-pool-s2-noembed-data260418-bs8-lr2e-5-20260502-130021,val_seen,20260503_100201,LandmarkSet,0.6454605699138503,0.6352096912777565,0.7481776010603048,104.21663587278714,55.67,1509,/mnt/data1/home/jiangjiajun/workspace/SwiftVLN-refactor/results/eval/overlapvln,/mnt/data1/home/jiangjiajun/workspace/SwiftVLN-refactor/results/eval/overlapvln/overlapvln-satnav-stage1-qwen3vl-8b-1ep-f32s4-overlap0-pf-h8-b1.0-pool-s2-noembed-data260418-bs8-lr2e-5-20260502-130021/val_seen/20260503_100201/evaluation_summary.json
Qwen3-VL,8B,overlapvln-satnav-stage1-qwen3vl-8b-1ep-f32s4-overlap0-pf-h8-b1.0-pool-s2-noembed-data260418-bs8-lr2e-5-20260502-130021,val_seen,20260503_100201,Road,0.6516998075689544,0.6512419806990423,0.7735728030788968,45.872115158316916,47.95,1559,/mnt/data1/home/jiangjiajun/workspace/SwiftVLN-refactor/results/eval/overlapvln,/mnt/data1/home/jiangjiajun/workspace/SwiftVLN-refactor/results/eval/overlapvln/overlapvln-satnav-stage1-qwen3vl-8b-1ep-f32s4-overlap0-pf-h8-b1.0-pool-s2-noembed-data260418-bs8-lr2e-5-20260502-130021/val_seen/20260503_100201/evaluation_summary.json
Qwen3-VL,8B,overlapvln-satnav-stage1-qwen3vl-8b-1ep-f32s4-overlap0-pf-h8-b1.0-pool-s2-noembed-data260418-bs8-lr2e-5-20260502-130021,val_unseen,20260503_105809,Boundary,0.6004191407614391,0.5830660277641214,0.7453719874257771,23.86311837218215,65.04,2863,/mnt/data1/home/jiangjiajun/workspace/SwiftVLN-refactor/results/eval/overlapvln,/mnt/data1/home/jiangjiajun/workspace/SwiftVLN-refactor/results/eval/overlapvln/overlapvln-satnav-stage1-qwen3vl-8b-1ep-f32s4-overlap0-pf-h8-b1.0-pool-s2-noembed-data260418-bs8-lr2e-5-20260502-130021/val_unseen/20260503_105809/evaluation_summary.json
Qwen3-VL,8B,overlapvln-satnav-stage1-qwen3vl-8b-1ep-f32s4-overlap0-pf-h8-b1.0-pool-s2-noembed-data260418-bs8-lr2e-5-20260502-130021,val_unseen,20260503_105809,LandmarkSet,0.5766016713091922,0.5686166817155593,0.6605153203342619,116.50196883935452,61.56,2872,/mnt/data1/home/jiangjiajun/workspace/SwiftVLN-refactor/results/eval/overlapvln,/mnt/data1/home/jiangjiajun/workspace/SwiftVLN-refactor/results/eval/overlapvln/overlapvln-satnav-stage1-qwen3vl-8b-1ep-f32s4-overlap0-pf-h8-b1.0-pool-s2-noembed-data260418-bs8-lr2e-5-20260502-130021/val_unseen/20260503_105809/evaluation_summary.json
Qwen3-VL,8B,overlapvln-satnav-stage1-qwen3vl-8b-1ep-f32s4-overlap0-pf-h8-b1.0-pool-s2-noembed-data260418-bs8-lr2e-5-20260502-130021,val_unseen,20260503_105809,Road,0.4961933134723601,0.4954632066255914,0.6180072823568354,89.0077371972719,59.74,3021,/mnt/data1/home/jiangjiajun/workspace/SwiftVLN-refactor/results/eval/overlapvln,/mnt/data1/home/jiangjiajun/workspace/SwiftVLN-refactor/results/eval/overlapvln/overlapvln-satnav-stage1-qwen3vl-8b-1ep-f32s4-overlap0-pf-h8-b1.0-pool-s2-noembed-data260418-bs8-lr2e-5-20260502-130021/val_unseen/20260503_105809/evaluation_summary.json
Qwen3-VL,8B,overlapvln-satnav-stage1-qwen3vl-8b-1ep-f32s4-overlap0-pf-h8-b1.0-pool-s2-noembed-data260418-bs8-lr2e-5-20260502-210950,val_seen,20260503_124818,Boundary,0.6992031872509961,0.6883954370425388,0.8187250996015937,15.832503164320277,60.99,1506,/mnt/data1/home/jiangjiajun/workspace/SwiftVLN-refactor/results/eval/overlapvln,/mnt/data1/home/jiangjiajun/workspace/SwiftVLN-refactor/results/eval/overlapvln/overlapvln-satnav-stage1-qwen3vl-8b-1ep-f32s4-overlap0-pf-h8-b1.0-pool-s2-noembed-data260418-bs8-lr2e-5-20260502-210950/val_seen/20260503_124818/evaluation_summary.json
Qwen3-VL,8B,overlapvln-satnav-stage1-qwen3vl-8b-1ep-f32s4-overlap0-pf-h8-b1.0-pool-s2-noembed-data260418-bs8-lr2e-5-20260502-210950,val_seen,20260503_124818,LandmarkSet,0.660702451954937,0.6508230595495442,0.7428760768721008,93.65818507727671,50.77,1509,/mnt/data1/home/jiangjiajun/workspace/SwiftVLN-refactor/results/eval/overlapvln,/mnt/data1/home/jiangjiajun/workspace/SwiftVLN-refactor/results/eval/overlapvln/overlapvln-satnav-stage1-qwen3vl-8b-1ep-f32s4-overlap0-pf-h8-b1.0-pool-s2-noembed-data260418-bs8-lr2e-5-20260502-210950/val_seen/20260503_124818/evaluation_summary.json
Qwen3-VL,8B,overlapvln-satnav-stage1-qwen3vl-8b-1ep-f32s4-overlap0-pf-h8-b1.0-pool-s2-noembed-data260418-bs8-lr2e-5-20260502-210950,val_seen,20260503_124818,Road,0.6889031430404106,0.6881596849648488,0.7389352148813342,27.586905145176654,44.99,1559,/mnt/data1/home/jiangjiajun/workspace/SwiftVLN-refactor/results/eval/overlapvln,/mnt/data1/home/jiangjiajun/workspace/SwiftVLN-refactor/results/eval/overlapvln/overlapvln-satnav-stage1-qwen3vl-8b-1ep-f32s4-overlap0-pf-h8-b1.0-pool-s2-noembed-data260418-bs8-lr2e-5-20260502-210950/val_seen/20260503_124818/evaluation_summary.json
Qwen3-VL,8B,overlapvln-satnav-stage1-qwen3vl-8b-1ep-f32s4-overlap0-pf-h8-b1.0-pool-s2-noembed-data260418-bs8-lr2e-5-20260502-210950,val_unseen,20260503_134122,Boundary,0.6653859587844918,0.6507413690573998,0.8085923856095005,20.099228678392983,66.65,2863,/mnt/data1/home/jiangjiajun/workspace/SwiftVLN-refactor/results/eval/overlapvln,/mnt/data1/home/jiangjiajun/workspace/SwiftVLN-refactor/results/eval/overlapvln/overlapvln-satnav-stage1-qwen3vl-8b-1ep-f32s4-overlap0-pf-h8-b1.0-pool-s2-noembed-data260418-bs8-lr2e-5-20260502-210950/val_unseen/20260503_134122/evaluation_summary.json
Qwen3-VL,8B,overlapvln-satnav-stage1-qwen3vl-8b-1ep-f32s4-overlap0-pf-h8-b1.0-pool-s2-noembed-data260418-bs8-lr2e-5-20260502-210950,val_unseen,20260503_134122,LandmarkSet,0.58008356545961,0.5732601579331137,0.6347493036211699,106.84599752414876,55.75,2872,/mnt/data1/home/jiangjiajun/workspace/SwiftVLN-refactor/results/eval/overlapvln,/mnt/data1/home/jiangjiajun/workspace/SwiftVLN-refactor/results/eval/overlapvln/overlapvln-satnav-stage1-qwen3vl-8b-1ep-f32s4-overlap0-pf-h8-b1.0-pool-s2-noembed-data260418-bs8-lr2e-5-20260502-210950/val_unseen/20260503_134122/evaluation_summary.json
Qwen3-VL,8B,overlapvln-satnav-stage1-qwen3vl-8b-1ep-f32s4-overlap0-pf-h8-b1.0-pool-s2-noembed-data260418-bs8-lr2e-5-20260502-210950,val_unseen,20260503_134122,Road,0.4405825885468388,0.440319863379194,0.5114200595829196,82.37162538671303,53.54,3021,/mnt/data1/home/jiangjiajun/workspace/SwiftVLN-refactor/results/eval/overlapvln,/mnt/data1/home/jiangjiajun/workspace/SwiftVLN-refactor/results/eval/overlapvln/overlapvln-satnav-stage1-qwen3vl-8b-1ep-f32s4-overlap0-pf-h8-b1.0-pool-s2-noembed-data260418-bs8-lr2e-5-20260502-210950/val_unseen/20260503_134122/evaluation_summary.json
