split,tif
train,Amsterdam-2
train,Berlin-1
train,Berlin-2
train,Berlin-3
train,Berlin-4
train,Berlin-5
train,Boston-1
train,Boston-2
train,Boston-3
train,Boston-4
train,Boston-5
train,Brugge-1
train,Geneva-1
train,Geneva-2
train,Geneva-3
train,Geneva-4
train,Geneva-5
train,London-1
train,London-2
train,London-3
train,London-4
train,LosAngeles-1
train,LosAngeles-2
train,LosAngeles-3
train,LosAngeles-4
train,Minneapolis-1
train,Minneapolis-2
train,Minneapolis-3
train,Minneapolis-4
train,Minneapolis-5
train,Minneapolis-6
train,NewYork-2
train,NewYork-3
train,NewYork-4
train,NewYork-5
train,Paris-1
train,Paris-2
train,Paris-3
train,Paris-4
train,Paris-5
train,RiodeJaneiro-1
train,Rome-2
train,Rome-3
train,Rome-4
train,Rome-5
train,Sydney-1
train,TheBayArea-1
train,TheBayArea-2
train,TheBayArea-3
train,TheBayArea-4
train,TheBayArea-5
train,TheBayArea-6
val_seen,Amsterdam-1
val_seen,NewYork-1
val_seen,Rome-1
