type,seen_SR,seen_SPL,seen_OS,seen_NE,seen_AvgSteps,seen_Total,unseen_SR,unseen_SPL,unseen_OS,unseen_NE,unseen_AvgSteps,unseen_Total
Seq2Seq,4.36%,4.32%,12.15%,243.57,59.42,1375,2.52%,2.47%,14.53%,308.90,64.97,2773
CMA,13.89%,13.85%,32.03%,214.13,59.58,1642,8.04%,7.99%,28.35%,273.58,65.61,2797
OpenFly,20.24%,20.19%,26.86%,160.36,49.15,1586,17.64%,17.58%,23.73%,234.09,59.20,3021
OpenFly*,29.32%,29.31%,33.23%,137.69,45.82,1586,21.88%,21.80%,28.37%,216.65,56.14,3021
NaVILA,-,-,-,-,-,-,-,-,-,-,-,-
NaVILA*,-,-,-,-,-,-,-,-,-,-,-,-
UniNaVid,39.70%,39.62%,56.70%,88.85,47.52,1559,28.80%,28.71%,43.46%,153.61,57.19,3021
UniNaVid*,53.82%,53.74%,60.68%,47.85,45.22,1559,37.07%,36.96%,47.27%,115.72,55.49,3021
StreamVLN,64.02%,63.85%,67.54%,46.38,44.84,1559,50.05%,49.98%,56.11%,90.43,52.11,3021
StreamVLN*,71.33%,71.20%,75.75%,35.60,47.09,1559,53.69%,53.59%,62.63%,87.02,58.04,3021
SwiftVLN,53.75%,53.71%,60.36%,55.12,43.45,1559,40.15%,40.09%,48.73%,112.53,53.23,3021
