type,model_name,seen_SR,seen_SPL,seen_OS,seen_NE,seen_AvgSteps,unseen_SR,unseen_SPL,unseen_OS,unseen_NE,unseen_AvgSteps
Seq2Seq,seq2seq-offline-ddp-g8-bs64-lr3e-4-20260412-234752-260404vocab,2.13%,2.12%,31.14%,180.36,53.29,1.58%,1.54%,29.64%,219.17,58.50
CMA,cma-ddp-g8-bs32-lr1e-4-20260413-125610-260404vocab,9.46%,9.34%,44.88%,323.25,94.85,7.35%,7.16%,43.85%,363.59,99.31
OpenFly,openfly-baseline-1ep-data260418-bkscratch-actcompact-sample-hk7-fs3-stopx2-stopw0-tail5-stoph1-hist16-bs96-lr2e-5-20260420-233110,13.21%,13.03%,33.47%,166.88,58.93,11.73%,11.62%,32.17%,195.91,66.35
OpenFly*,openfly-baseline-1ep-data260418-bkcontinue-actcompact-sample-hk7-fs3-stopx2-stopw0-tail5-stoph1-hist16-bs96-lr2e-5-20260420-095357,21.10%,20.99%,38.08%,163.07,57.85,17.12%,16.91%,34.88%,196.90,65.56
NaVILA,navila-scratch0404-r1-20260407-195154-sample-hk7-fs7-stopx4,18.10%,18.02%,27.59%,93.05,48.08,13.00%,12.96%,23.66%,128.88,53.71
NaVILA*,navila-continue0404-r2-20260427-141143-sample-hk7-fs7-stopx4,24.99%,24.88%,35.00%,93.88,51.47,18.57%,18.44%,31.60%,123.49,59.57
UniNaVid,uninavid-baseline-scratch-1ep-data260418-bs192-lr1e-5-20260418-203618,25.12%,24.81%,60.43%,174.68,73.21,20.36%,20.00%,49.94%,228.46,80.55
UniNaVid*,uninavid-baseline-continue-1ep-data260418-bs192-lr1e-5-20260418-203618,49.69%,49.15%,68.17%,87.11,53.99,36.72%,36.29%,55.85%,149.85,64.75
StreamVLN,streamvln-baseline-scratch-1ep-f32h8s4-data260418p80-bs64-lr2e-5-20260421-051524,64.30%,63.66%,71.71%,53.24,51.58,52.25%,51.78%,60.99%,84.99,57.80
StreamVLN*,streamvln-baseline-continue-1ep-f32h8s4-data260418p80-bs64-lr2e-5-20260420-153328,70.35%,69.66%,77.59%,47.47,52.11,58.44%,57.80%,68.33%,86.63,61.19
SwiftVLN,overlapvln-satnav-stage1-3b-1ep-f32s4-overlap0-pf-h8-b1.0-pool-s2-noembed-data260418-bs64-lr2e-5-20260421-125912,62.00%,61.51%,70.75%,43.66,47.48,49.26%,48.70%,58.37%,78.17,54.78
